START TRANSACTION;

INSERT IGNORE INTO clients (id, full_name, phone, email, address) VALUES
  (1, 'Крылов Денис Сергеевич', '+7 900 111-22-33', 'krylov.ds@example.com', 'Москва, ул. Лесная, д. 14, кв. 48'),
  (2, 'Савельева Анна Игоревна', '+7 900 222-33-44', 'savelyeva.ai@example.com', 'Москва, Ленинский проспект, д. 82, кв. 17'),
  (3, 'Кузнецов Алексей Павлович', '+7 900 333-44-55', 'kuznetsov.ap@example.com', 'Химки, ул. Молодежная, д. 6'),
  (4, 'Семенова Ирина Олеговна', '+7 900 444-55-66', 'semenova.io@example.com', 'Балашиха, ш. Энтузиастов, д. 21, кв. 96'),
  (5, 'Орлова Марина Викторовна', '+7 900 555-66-77', 'orlova.mv@example.com', 'Москва, ул. Профсоюзная, д. 102, кв. 11'),
  (6, 'Мельников Роман Андреевич', '+7 900 666-77-88', 'melnikov.ra@example.com', 'Мытищи, ул. Колпакова, д. 29, кв. 53');

INSERT IGNORE INTO materials (id, article, name, base_cost, stock_snapshot, stock_snapshot_at) VALUES
  (1, 'DSP-16-WHITE', 'ЛДСП белый 16 мм', 1850.00, 12.350, '2026-05-06 00:00:00.000'),
  (2, 'DSP-18-OAK', 'ЛДСП дуб сонома 18 мм', 2250.00, 8.000, '2026-05-06 00:00:00.000'),
  (3, 'MDF-19-PAINT', 'МДФ под покраску 19 мм', 3100.00, 4.500, '2026-05-06 00:00:00.000'),
  (4, 'EDGE-PVC-2', 'Кромка ПВХ 2 мм', 38.50, -4.500, '2026-05-06 00:00:00.000'),
  (5, 'EDGE-PVC-04', 'Кромка ПВХ 0.4 мм', 18.20, 120.000, '2026-05-06 00:00:00.000'),
  (6, 'HINGE-BLUM', 'Петля Blum Clip-Top', 250.00, 0.000, '2026-05-06 00:00:00.000'),
  (7, 'SCREW-3X16', 'Саморез 3x16', 1.80, -120.000, '2026-05-06 00:00:00.000'),
  (8, 'RAIL-500', 'Направляющая 500 мм', 390.00, 26.000, '2026-05-06 00:00:00.000'),
  (9, 'HANDLE-BLACK', 'Ручка профильная черная', 520.00, 18.000, '2026-05-06 00:00:00.000'),
  (10, 'LEG-100', 'Опора регулируемая 100 мм', 95.00, 40.000, '2026-05-06 00:00:00.000');

INSERT IGNORE INTO orders (
  id,
  client_id,
  manager_ext_id,
  agreement_number,
  created_at,
  target_date,
  total_cost,
  current_stage
) VALUES
  (1, 1, 'crm-manager-001', 'MM-2026-010', '2026-04-20 10:15:00', '2026-05-01', 54200.00, 'Завершен'),
  (2, 2, 'crm-manager-002', 'MM-2026-012', '2026-04-28 14:30:00', '2026-05-08', 81600.00, 'Распил'),
  (3, 3, 'crm-manager-001', 'MM-2026-015', '2026-05-01 09:05:00', '2026-05-12', 93700.00, 'Сборка'),
  (4, 4, 'crm-manager-003', 'MM-2026-016', '2026-04-24 16:45:00', '2026-05-03', 108500.00, 'Готов к отгрузке'),
  (5, 5, 'crm-manager-002', 'MM-2026-018', '2026-05-04 11:20:00', '2026-05-18', 27300.00, 'В обработке'),
  (6, 6, 'crm-manager-001', 'MM-2026-019', '2026-04-29 13:10:00', '2026-05-05', 57700.00, 'В производстве');

INSERT IGNORE INTO specification_items (id, order_id, material_id, required_quantity, sale_price) VALUES
  (1, 1, 1, 6.500, 31200.00),
  (2, 1, 6, 12.000, 7800.00),
  (3, 1, 7, 160.000, 1200.00),
  (4, 1, 8, 4.000, 6200.00),
  (5, 1, 9, 4.000, 7800.00),
  (6, 2, 2, 8.200, 44200.00),
  (7, 2, 4, 42.000, 5600.00),
  (8, 2, 6, 18.000, 11700.00),
  (9, 2, 8, 6.000, 9300.00),
  (10, 2, 9, 6.000, 10800.00),
  (11, 3, 3, 10.500, 65000.00),
  (12, 3, 4, 65.000, 8700.00),
  (13, 3, 6, 24.000, 15600.00),
  (14, 3, 7, 220.000, 1600.00),
  (15, 3, 10, 8.000, 2800.00),
  (16, 4, 1, 9.400, 45100.00),
  (17, 4, 2, 5.600, 30200.00),
  (18, 4, 4, 58.000, 7800.00),
  (19, 4, 6, 20.000, 13000.00),
  (20, 4, 8, 8.000, 12400.00),
  (21, 5, 1, 4.100, 19700.00),
  (22, 5, 5, 28.000, 2400.00),
  (23, 5, 6, 8.000, 5200.00),
  (24, 6, 2, 7.800, 42100.00),
  (25, 6, 4, 36.000, 4800.00),
  (26, 6, 7, 140.000, 1050.00),
  (27, 6, 9, 5.000, 9750.00);

INSERT IGNORE INTO status_histories (id, order_id, stage_name, transition_date, employee_ext_id) VALUES
  (1, 1, 'В обработке', '2026-04-20 10:15:00', 'crm-manager-001'),
  (2, 1, 'В производстве', '2026-04-21 09:00:00', 'crm-manager-001'),
  (3, 1, 'Сборка', '2026-04-24 15:30:00', 'master-assembly-001'),
  (4, 1, 'Готов к отгрузке', '2026-04-29 18:10:00', 'master-assembly-001'),
  (5, 1, 'Завершен', '2026-05-01 17:45:00', 'installer-001'),
  (6, 2, 'В обработке', '2026-04-28 14:30:00', 'crm-manager-002'),
  (7, 2, 'В производстве', '2026-05-02 09:20:00', 'crm-manager-002'),
  (8, 2, 'Распил', '2026-05-06 08:30:00', 'master-cutting-001'),
  (9, 3, 'В обработке', '2026-05-01 09:05:00', 'crm-manager-001'),
  (10, 3, 'В производстве', '2026-05-03 10:00:00', 'crm-manager-001'),
  (11, 3, 'Сборка', '2026-05-06 16:20:00', 'master-assembly-002'),
  (12, 4, 'В обработке', '2026-04-24 16:45:00', 'crm-manager-003'),
  (13, 4, 'В производстве', '2026-04-26 09:00:00', 'crm-manager-003'),
  (14, 4, 'Готов к отгрузке', '2026-05-02 12:40:00', 'master-assembly-001'),
  (15, 5, 'В обработке', '2026-05-04 11:20:00', 'crm-manager-002'),
  (16, 6, 'В обработке', '2026-04-29 13:10:00', 'crm-manager-001'),
  (17, 6, 'В производстве', '2026-05-04 09:00:00', 'crm-manager-001');

INSERT IGNORE INTO tasks (id, order_id, operation_name, progress_status, master_ext_id) VALUES
  (1, 1, 'Распил', 'Завершен', 'master-cutting-001'),
  (2, 1, 'Кромление', 'Завершен', 'master-edging-001'),
  (3, 1, 'Присадка', 'Завершен', 'master-drilling-001'),
  (4, 1, 'Сборка', 'Завершен', 'master-assembly-001'),
  (5, 2, 'Распил', 'В работе', 'master-cutting-001'),
  (6, 2, 'Кромление', 'Ожидает', NULL),
  (7, 2, 'Присадка', 'Ожидает', NULL),
  (8, 2, 'Сборка', 'Ожидает', NULL),
  (9, 3, 'Распил', 'Завершен', 'master-cutting-002'),
  (10, 3, 'Кромление', 'Завершен', 'master-edging-001'),
  (11, 3, 'Присадка', 'Завершен', 'master-drilling-002'),
  (12, 3, 'Сборка', 'В работе', 'master-assembly-002'),
  (13, 4, 'Распил', 'Завершен', 'master-cutting-002'),
  (14, 4, 'Кромление', 'Завершен', 'master-edging-001'),
  (15, 4, 'Присадка', 'Завершен', 'master-drilling-001'),
  (16, 4, 'Сборка', 'Завершен', 'master-assembly-001'),
  (17, 6, 'Распил', 'Ожидает', NULL),
  (18, 6, 'Кромление', 'Ожидает', NULL),
  (19, 6, 'Присадка', 'Ожидает', NULL),
  (20, 6, 'Сборка', 'Ожидает', NULL);

INSERT IGNORE INTO inventory_transactions (id, material_id, order_id, tx_type, quantity_change, tx_date) VALUES
  (1, 1, NULL, 'Приход', 25.000, '2026-04-18 09:00:00'),
  (2, 2, NULL, 'Приход', 16.000, '2026-04-18 09:15:00'),
  (3, 4, NULL, 'Приход', 180.000, '2026-04-18 09:30:00'),
  (4, 6, NULL, 'Приход', 60.000, '2026-04-18 10:00:00'),
  (5, 8, NULL, 'Приход', 30.000, '2026-04-18 10:20:00'),
  (6, 1, 1, 'Списание', -6.500, '2026-04-21 09:05:00'),
  (7, 6, 1, 'Списание', -12.000, '2026-04-21 09:05:00'),
  (8, 7, 1, 'Списание', -160.000, '2026-04-21 09:05:00'),
  (9, 4, 2, 'Резерв', -42.000, '2026-05-02 09:25:00'),
  (10, 2, 2, 'Резерв', -8.200, '2026-05-02 09:25:00'),
  (11, 3, 3, 'Списание', -10.500, '2026-05-03 10:10:00'),
  (12, 4, 3, 'Списание', -65.000, '2026-05-03 10:10:00'),
  (13, 1, 4, 'Списание', -9.400, '2026-04-26 09:10:00'),
  (14, 2, 4, 'Списание', -5.600, '2026-04-26 09:10:00'),
  (15, 9, NULL, 'Приход', 24.000, '2026-05-05 11:45:00');

COMMIT;
